asset_id,asset_name,fund_id,investment_id,quarter,beginning_nav,ending_nav,ending_asset_value,revenue,opex,noi,capex,ti_lc,reserves,debt_service,net_cash_flow,null_reasons,source_row_refs
3371333b-a54a-46e3-b4d9-0ad8443dd6a9,Tech Campus North,a1b2c3d4-0003-0030-0001-000000000001,2d54b971-21ac-41b8-a548-a506fe516c6c,2025Q4,53051267.150000000000,52719522.060000000000,88469522.060000000000,1999806.54,999903.27,999903.27,199980.65,159984.52,24997.58,580937.50,34003.02,"{""value"": null, ""occupancy"": null, ""debt"": null, ""noi"": null}","[{""table"": ""re_asset_acct_quarter_rollup"", ""id"": ""f3f3024b-6e49-40cf-91e8-a024e3a3f917""}, {""table"": ""re_asset_quarter_state"", ""id"": ""0ee66dab-57e6-4e63-a72e-c937ba623bba""}]"
3371333b-a54a-46e3-b4d9-0ad8443dd6a9,Tech Campus North,a1b2c3d4-0003-0030-0001-000000000001,2d54b971-21ac-41b8-a548-a506fe516c6c,2026Q2,0E-12,37513609.450000000000,73263609.450000000000,2014749.27,1007374.63,1007374.63,201474.93,161179.94,25184.37,580937.50,38597.89,"{""value"": null, ""occupancy"": null, ""debt"": null, ""noi"": null}","[{""table"": ""re_asset_acct_quarter_rollup"", ""id"": ""b8aeae77-443a-482b-8623-900f1e360176""}, {""table"": ""re_asset_quarter_state"", ""id"": ""3a61685d-930d-4cad-8331-22afc7956bd3""}]"
a1b2c3d4-0002-0020-0003-000000000002,Midtown Towers – Atlanta GA,a1b2c3d4-0002-0020-0001-000000000001,a1b2c3d4-0002-0020-0002-000000000002,2025Q4,82128750.000000000000,82211250.000000000000,110000000.000000000000,1753066.66,859002.66,894064.00,175306.67,140245.33,22351.60,1289062.50,-732902.10,"{""value"": null, ""occupancy"": null, ""debt"": null, ""noi"": null}","[{""table"": ""re_asset_acct_quarter_rollup"", ""id"": ""5b497523-3e62-40a6-9a81-d7381dd116e5""}, {""table"": ""re_asset_quarter_state"", ""id"": ""64e40ec0-571e-49f4-a98a-ab9b3217222e""}]"
a1b2c3d4-0002-0020-0003-000000000002,Midtown Towers – Atlanta GA,a1b2c3d4-0002-0020-0001-000000000001,a1b2c3d4-0002-0020-0002-000000000002,2026Q2,82293750.000000000000,28600000.000000000000,111100000.000000000000,1766165.72,865421.20,900744.52,176616.57,141293.26,22518.61,1289062.50,-728746.42,"{""value"": null, ""occupancy"": null, ""debt"": null, ""noi"": null}","[{""table"": ""re_asset_acct_quarter_rollup"", ""id"": ""3c89dc63-3291-4a90-b400-d7340a84758f""}, {""table"": ""re_asset_quarter_state"", ""id"": ""c744fb54-f8ba-4364-8d26-bf08b4350983""}]"
