quarter,fund_id,fund_name,sum_mapped_asset_cash_flows,sum_allocated_to_investments,sum_rolled_to_funds_before_fees,fee_deductions,final_fund_net_cash_flow,variance,pass_fail
2025Q4,a1b2c3d4-0003-0030-0001-000000000001,Institutional Growth Fund VII,-8986518.739800000000,-8986518.739800000000,-8986518.739800000000,1875000.000000000000,-10861518.739800000000,0E-12,PASS
2026Q2,a1b2c3d4-0003-0030-0001-000000000001,Institutional Growth Fund VII,-8829504.768200000000,-8829504.768200000000,-8829504.768200000000,1927000.000000000000,-10756504.768200000000,0E-12,PASS
2025Q4,a1b2c3d4-0001-0010-0001-000000000001,Meridian Real Estate Fund III,-37148.336000000000,-37148.336000000000,-37148.336000000000,3375000.000000000000,-3412148.336000000000,0E-12,PASS
2026Q2,a1b2c3d4-0001-0010-0001-000000000001,Meridian Real Estate Fund III,-18166.496000000000,-18166.496000000000,-18166.496000000000,3375000.000000000000,-3393166.496000000000,0E-12,PASS
2025Q4,a1b2c3d4-0002-0020-0001-000000000001,Meridian Credit Opportunities Fund I,-732902.100000000000,-732902.100000000000,-732902.100000000000,1500000.000000000000,-2232902.100000000000,0E-12,PASS
2026Q2,a1b2c3d4-0002-0020-0001-000000000001,Meridian Credit Opportunities Fund I,-728746.420000000000,-728746.420000000000,-728746.420000000000,1500000.000000000000,-2228746.420000000000,0E-12,PASS
